,0,1,2,3,4,5,6,7,8,9,10,11,12,13,14,15,16,17,18,19,20,21,22,23,24,25,26,27,28,29,30,31,32,33,34,35,36,37,38,39,40,41,42,43,44,45,46,47,48,49,50,51,52,53,54,55,56,57,58,59,60,61,62,63,64,65,66,67,68,69,70,71,72,73,74,75,76,77,78,79,80,81,82,83
2020-09-01,,1104.0,1076.0,305.0,0.0,0.0,894.0,20.0,11.0,19.0,17.0,0.0,0.0,42.0,9.0,9.0,13.0,18.0,0.0,0.0,38.0,13.0,10.0,9.0,5.0,0.0,0.0,42.0,5.0,63.0,84.0,12.0,0.0,0.0,28.0,6.0,7.0,8.0,8.0,0.0,0.0,0.0,17.0,6.0,6.0,11.0,0.0,0.0,8.0,4.0,9.0,12.0,4.0,0.0,0.0,6.0,7.0,6.0,5.0,10.0,0.0,0.0,14.0,1.0,7.0,12.0,6.0,0.0,0.0,13.0,3.0,7.0,6.0,4.0,0.0,0.0,5.0,2.0,1.0,7.0,4.0,0.0,0.0,7.0
2020-09-02,0.0,941.0,799.0,0.0,0.0,1174.0,114.0,11.0,32.0,14.0,0.0,0.0,31.0,13.0,8.0,11.0,17.0,0.0,0.0,34.0,5.0,8.0,11.0,4.0,0.0,0.0,46.0,5.0,55.0,70.0,13.0,0.0,0.0,14.0,9.0,9.0,14.0,11.0,0.0,0.0,0.0,12.0,7.0,8.0,6.0,0.0,0.0,8.0,3.0,9.0,11.0,6.0,0.0,0.0,13.0,5.0,5.0,6.0,6.0,0.0,0.0,8.0,2.0,4.0,7.0,7.0,0.0,0.0,9.0,5.0,2.0,3.0,2.0,0.0,0.0,10.0,2.0,2.0,4.0,5.0,0.0,0.0,10.0,0.0
2020-09-03,0.0,1150.0,0.0,0.0,1073.0,624.0,148.0,43.0,10.0,0.0,0.0,22.0,9.0,4.0,12.0,17.0,0.0,0.0,26.0,9.0,8.0,8.0,9.0,0.0,0.0,29.0,5.0,53.0,72.0,8.0,0.0,0.0,22.0,4.0,10.0,5.0,11.0,0.0,0.0,0.0,19.0,7.0,6.0,4.0,0.0,0.0,8.0,4.0,11.0,8.0,19.0,0.0,0.0,12.0,4.0,23.0,21.0,5.0,0.0,0.0,6.0,4.0,14.0,8.0,4.0,0.0,0.0,4.0,2.0,3.0,6.0,3.0,0.0,0.0,15.0,3.0,3.0,6.0,2.0,0.0,0.0,4.0,3.0,0.0
2020-09-04,0.0,0.0,0.0,2593.0,428.0,420.0,496.0,251.0,0.0,0.0,167.0,7.0,15.0,16.0,22.0,0.0,0.0,50.0,6.0,11.0,13.0,10.0,0.0,0.0,30.0,6.0,71.0,87.0,11.0,0.0,0.0,24.0,7.0,12.0,10.0,6.0,0.0,0.0,0.0,21.0,2.0,7.0,7.0,0.0,0.0,17.0,4.0,17.0,6.0,7.0,0.0,0.0,12.0,7.0,6.0,8.0,7.0,0.0,0.0,9.0,2.0,11.0,5.0,4.0,0.0,0.0,11.0,5.0,6.0,8.0,3.0,0.0,0.0,6.0,2.0,6.0,1.0,4.0,0.0,0.0,8.0,3.0,0.0,0.0
2020-09-05,0.0,0.0,1035.0,209.0,118.0,43.0,16.0,0.0,0.0,40.0,6.0,6.0,4.0,10.0,0.0,0.0,17.0,2.0,5.0,3.0,3.0,0.0,0.0,10.0,5.0,5.0,4.0,3.0,0.0,0.0,7.0,3.0,1.0,0.0,4.0,0.0,0.0,0.0,9.0,3.0,2.0,2.0,0.0,0.0,5.0,2.0,4.0,2.0,5.0,0.0,0.0,2.0,0.0,1.0,1.0,1.0,0.0,0.0,2.0,0.0,2.0,4.0,1.0,0.0,0.0,1.0,0.0,4.0,0.0,4.0,0.0,0.0,3.0,2.0,1.0,2.0,2.0,0.0,0.0,1.0,3.0,0.0,0.0,0.0
2020-09-06,0.0,560.0,285.0,33.0,30.0,5.0,0.0,0.0,27.0,7.0,3.0,1.0,6.0,0.0,0.0,10.0,1.0,3.0,0.0,1.0,0.0,0.0,6.0,3.0,1.0,2.0,0.0,0.0,0.0,2.0,1.0,0.0,3.0,3.0,0.0,0.0,0.0,4.0,4.0,2.0,1.0,0.0,0.0,4.0,2.0,1.0,2.0,1.0,0.0,0.0,2.0,1.0,1.0,0.0,0.0,0.0,0.0,5.0,3.0,1.0,2.0,0.0,0.0,0.0,1.0,1.0,0.0,3.0,1.0,0.0,0.0,0.0,1.0,1.0,0.0,0.0,0.0,0.0,2.0,1.0,0.0,0.0,0.0,0.0
2020-09-07,0.0,774.0,240.0,340.0,94.0,0.0,0.0,113.0,9.0,7.0,8.0,6.0,0.0,0.0,25.0,10.0,4.0,7.0,2.0,0.0,0.0,19.0,1.0,6.0,16.0,4.0,0.0,0.0,5.0,1.0,4.0,4.0,2.0,0.0,0.0,0.0,5.0,0.0,5.0,4.0,0.0,0.0,3.0,1.0,7.0,3.0,3.0,0.0,0.0,10.0,3.0,4.0,2.0,3.0,0.0,0.0,6.0,3.0,7.0,3.0,4.0,0.0,0.0,3.0,1.0,4.0,11.0,4.0,0.0,0.0,4.0,1.0,2.0,1.0,2.0,0.0,0.0,1.0,0.0,0.0,0.0,0.0,0.0,0.0
2020-09-08,0.0,1390.0,1171.0,468.0,0.0,0.0,1065.0,78.0,10.0,18.0,13.0,0.0,0.0,45.0,10.0,12.0,14.0,8.0,0.0,0.0,35.0,6.0,94.0,93.0,8.0,0.0,0.0,14.0,2.0,5.0,5.0,4.0,0.0,0.0,0.0,22.0,5.0,9.0,9.0,0.0,0.0,11.0,7.0,13.0,11.0,4.0,0.0,0.0,21.0,6.0,3.0,8.0,6.0,0.0,0.0,8.0,0.0,5.0,6.0,5.0,0.0,0.0,13.0,2.0,6.0,3.0,3.0,0.0,0.0,3.0,4.0,6.0,0.0,3.0,0.0,0.0,3.0,2.0,0.0,0.0,0.0,0.0,0.0,0.0
2020-09-09,0.0,1236.0,1258.0,0.0,0.0,1241.0,388.0,46.0,35.0,22.0,0.0,0.0,34.0,14.0,8.0,13.0,7.0,0.0,0.0,27.0,16.0,63.0,73.0,10.0,0.0,0.0,18.0,6.0,12.0,9.0,3.0,0.0,0.0,0.0,12.0,5.0,10.0,10.0,0.0,0.0,13.0,2.0,8.0,7.0,6.0,0.0,0.0,10.0,6.0,5.0,3.0,3.0,0.0,0.0,6.0,2.0,14.0,21.0,2.0,0.0,0.0,8.0,5.0,7.0,12.0,4.0,0.0,0.0,8.0,5.0,3.0,9.0,4.0,0.0,0.0,9.0,3.0,0.0,0.0,0.0,0.0,0.0,0.0,0.0
2020-09-10,0.0,974.0,0.0,0.0,1867.0,526.0,494.0,55.0,25.0,0.0,0.0,42.0,11.0,9.0,12.0,12.0,0.0,0.0,35.0,10.0,98.0,113.0,12.0,0.0,0.0,15.0,5.0,10.0,4.0,8.0,0.0,0.0,0.0,22.0,6.0,4.0,7.0,0.0,0.0,6.0,1.0,8.0,6.0,7.0,0.0,0.0,13.0,2.0,9.0,5.0,6.0,0.0,0.0,9.0,1.0,2.0,9.0,7.0,0.0,0.0,5.0,7.0,6.0,3.0,8.0,0.0,0.0,6.0,3.0,4.0,3.0,4.0,0.0,0.0,9.0,3.0,0.0,0.0,0.0,0.0,0.0,0.0,0.0,0.0
2020-09-11,0.0,0.0,0.0,3186.0,490.0,362.0,668.0,598.0,0.0,0.0,82.0,15.0,15.0,17.0,11.0,0.0,0.0,40.0,4.0,100.0,117.0,12.0,0.0,0.0,17.0,12.0,20.0,7.0,11.0,0.0,0.0,0.0,15.0,4.0,13.0,8.0,0.0,0.0,18.0,5.0,12.0,10.0,10.0,0.0,0.0,13.0,6.0,8.0,7.0,11.0,0.0,0.0,8.0,2.0,3.0,13.0,9.0,0.0,0.0,16.0,3.0,6.0,6.0,4.0,0.0,0.0,6.0,2.0,5.0,4.0,8.0,0.0,0.0,7.0,3.0,0.0,0.0,0.0,0.0,0.0,0.0,0.0,0.0,0.0
2020-09-12,0.0,0.0,1353.0,262.0,55.0,109.0,43.0,0.0,0.0,23.0,4.0,6.0,2.0,3.0,0.0,0.0,12.0,2.0,6.0,5.0,2.0,0.0,0.0,6.0,1.0,2.0,2.0,1.0,0.0,0.0,0.0,11.0,2.0,2.0,2.0,0.0,0.0,8.0,3.0,2.0,8.0,2.0,0.0,0.0,1.0,3.0,1.0,2.0,1.0,0.0,0.0,3.0,1.0,1.0,3.0,3.0,0.0,0.0,2.0,0.0,3.0,0.0,3.0,0.0,0.0,2.0,2.0,3.0,1.0,0.0,0.0,0.0,3.0,1.0,0.0,0.0,0.0,0.0,0.0,0.0,0.0,0.0,0.0,0.0
2020-09-13,0.0,705.0,433.0,35.0,79.0,8.0,0.0,0.0,33.0,6.0,2.0,1.0,1.0,0.0,0.0,13.0,3.0,1.0,4.0,1.0,0.0,0.0,4.0,3.0,3.0,4.0,1.0,0.0,0.0,0.0,9.0,2.0,0.0,3.0,0.0,0.0,4.0,4.0,3.0,2.0,0.0,0.0,0.0,4.0,1.0,3.0,4.0,0.0,0.0,0.0,4.0,0.0,1.0,4.0,1.0,0.0,0.0,5.0,1.0,0.0,3.0,3.0,0.0,0.0,2.0,4.0,1.0,0.0,2.0,0.0,0.0,1.0,1.0,0.0,0.0,0.0,0.0,0.0,0.0,0.0,0.0,0.0,0.0,0.0
2020-09-14,0.0,912.0,420.0,300.0,288.0,0.0,0.0,170.0,7.0,10.0,5.0,3.0,0.0,0.0,14.0,4.0,6.0,6.0,3.0,0.0,0.0,8.0,5.0,12.0,0.0,6.0,0.0,0.0,0.0,10.0,5.0,2.0,5.0,0.0,0.0,13.0,3.0,6.0,7.0,2.0,0.0,0.0,7.0,2.0,4.0,3.0,3.0,0.0,0.0,2.0,0.0,5.0,0.0,2.0,0.0,0.0,8.0,2.0,2.0,3.0,2.0,0.0,0.0,1.0,2.0,3.0,0.0,3.0,0.0,0.0,1.0,2.0,0.0,0.0,0.0,0.0,0.0,0.0,0.0,0.0,0.0,0.0,0.0,0.0
2020-09-15,0.0,1501.0,1561.0,823.0,0.0,0.0,1377.0,65.0,18.0,24.0,30.0,0.0,0.0,49.0,12.0,40.0,50.0,12.0,0.0,0.0,18.0,11.0,6.0,5.0,5.0,0.0,0.0,0.0,36.0,4.0,11.0,7.0,0.0,0.0,17.0,3.0,14.0,7.0,1.0,0.0,0.0,12.0,4.0,7.0,9.0,4.0,0.0,0.0,18.0,1.0,14.0,8.0,9.0,0.0,0.0,15.0,1.0,4.0,8.0,6.0,0.0,0.0,7.0,5.0,11.0,3.0,3.0,0.0,0.0,11.0,3.0,0.0,0.0,0.0,0.0,0.0,0.0,0.0,0.0,0.0,0.0,0.0,0.0,0.0
2020-09-16,0.0,1301.0,1304.0,0.0,0.0,1594.0,682.0,13.0,81.0,20.0,0.0,0.0,51.0,11.0,15.0,17.0,12.0,0.0,0.0,20.0,2.0,6.0,4.0,5.0,0.0,0.0,0.0,22.0,9.0,3.0,7.0,0.0,0.0,13.0,9.0,11.0,13.0,7.0,0.0,0.0,6.0,3.0,5.0,5.0,9.0,0.0,0.0,3.0,0.0,8.0,3.0,11.0,0.0,0.0,9.0,3.0,5.0,6.0,10.0,0.0,0.0,6.0,2.0,7.0,20.0,4.0,0.0,0.0,11.0,0.0,0.0,0.0,0.0,0.0,0.0,0.0,0.0,0.0,0.0,0.0,0.0,0.0,0.0,0.0
2020-09-17,0.0,1212.0,0.0,0.0,2193.0,440.0,662.0,240.0,21.0,0.0,0.0,117.0,12.0,20.0,17.0,11.0,0.0,0.0,11.0,7.0,10.0,7.0,11.0,0.0,0.0,0.0,27.0,7.0,4.0,11.0,0.0,0.0,16.0,7.0,9.0,4.0,5.0,0.0,0.0,12.0,8.0,10.0,10.0,7.0,0.0,0.0,10.0,1.0,10.0,3.0,8.0,0.0,0.0,11.0,0.0,6.0,6.0,5.0,0.0,0.0,11.0,4.0,10.0,3.0,3.0,0.0,0.0,4.0,2.0,0.0,0.0,0.0,0.0,0.0,0.0,0.0,0.0,0.0,0.0,0.0,0.0,0.0,0.0,0.0
2020-09-18,0.0,0.0,0.0,2966.0,836.0,910.0,1147.0,409.0,0.0,0.0,315.0,22.0,28.0,10.0,15.0,0.0,0.0,30.0,8.0,9.0,11.0,12.0,0.0,0.0,0.0,23.0,19.0,10.0,7.0,0.0,0.0,8.0,6.0,9.0,11.0,11.0,0.0,0.0,16.0,8.0,10.0,14.0,8.0,0.0,0.0,9.0,1.0,9.0,20.0,8.0,0.0,0.0,21.0,4.0,10.0,10.0,6.0,0.0,0.0,9.0,5.0,4.0,5.0,4.0,0.0,0.0,10.0,3.0,0.0,0.0,0.0,0.0,0.0,0.0,0.0,0.0,0.0,0.0,0.0,0.0,0.0,0.0,0.0,0.0
2020-09-19,0.0,0.0,1029.0,176.0,130.0,110.0,35.0,0.0,0.0,104.0,7.0,10.0,7.0,7.0,0.0,0.0,5.0,2.0,3.0,9.0,1.0,0.0,0.0,0.0,8.0,2.0,4.0,2.0,0.0,0.0,2.0,4.0,3.0,1.0,1.0,0.0,0.0,8.0,2.0,3.0,2.0,4.0,0.0,0.0,6.0,0.0,3.0,1.0,1.0,0.0,0.0,3.0,2.0,2.0,1.0,1.0,0.0,0.0,3.0,4.0,3.0,3.0,2.0,0.0,0.0,0.0,0.0,0.0,0.0,0.0,0.0,0.0,0.0,0.0,0.0,0.0,0.0,0.0,0.0,0.0,0.0,0.0,0.0,0.0
2020-09-20,0.0,620.0,193.0,38.0,53.0,26.0,0.0,0.0,54.0,12.0,5.0,7.0,3.0,0.0,0.0,10.0,6.0,3.0,3.0,2.0,0.0,0.0,0.0,5.0,1.0,4.0,0.0,0.0,0.0,5.0,1.0,0.0,1.0,2.0,0.0,0.0,0.0,1.0,1.0,3.0,2.0,0.0,0.0,2.0,1.0,2.0,2.0,1.0,0.0,0.0,1.0,0.0,0.0,0.0,2.0,0.0,0.0,1.0,0.0,0.0,2.0,2.0,0.0,0.0,1.0,0.0,0.0,0.0,0.0,0.0,0.0,0.0,0.0,0.0,0.0,0.0,0.0,0.0,0.0,0.0,0.0,0.0,0.0,0.0
2020-09-21,0.0,757.0,332.0,275.0,82.0,0.0,0.0,460.0,26.0,9.0,8.0,7.0,0.0,0.0,21.0,8.0,6.0,9.0,4.0,0.0,0.0,0.0,9.0,10.0,3.0,9.0,0.0,0.0,11.0,5.0,6.0,5.0,9.0,0.0,0.0,8.0,3.0,6.0,10.0,4.0,0.0,0.0,3.0,1.0,8.0,6.0,2.0,0.0,0.0,10.0,2.0,4.0,4.0,5.0,0.0,0.0,9.0,3.0,3.0,2.0,1.0,0.0,0.0,1.0,4.0,0.0,0.0,0.0,0.0,0.0,0.0,0.0,0.0,0.0,0.0,0.0,0.0,0.0,0.0,0.0,0.0,0.0,0.0,0.0
2020-09-22,0.0,1011.0,776.0,656.0,0.0,0.0,2055.0,52.0,30.0,20.0,17.0,0.0,0.0,37.0,5.0,25.0,15.0,3.0,0.0,0.0,0.0,25.0,2.0,8.0,11.0,0.0,0.0,26.0,5.0,11.0,12.0,10.0,0.0,0.0,13.0,11.0,10.0,3.0,8.0,0.0,0.0,11.0,0.0,8.0,4.0,8.0,0.0,0.0,12.0,5.0,4.0,4.0,11.0,0.0,0.0,4.0,8.0,3.0,8.0,4.0,0.0,0.0,10.0,2.0,0.0,0.0,0.0,0.0,0.0,0.0,0.0,0.0,0.0,0.0,0.0,0.0,0.0,0.0,0.0,0.0,0.0,0.0,0.0,0.0
2020-09-23,0.0,828.0,589.0,0.0,0.0,2427.0,256.0,52.0,38.0,16.0,0.0,0.0,30.0,12.0,28.0,17.0,15.0,0.0,0.0,0.0,16.0,7.0,6.0,13.0,0.0,0.0,11.0,6.0,12.0,14.0,7.0,0.0,0.0,15.0,8.0,5.0,2.0,7.0,0.0,0.0,8.0,0.0,4.0,9.0,7.0,0.0,0.0,13.0,5.0,7.0,8.0,11.0,0.0,0.0,9.0,2.0,5.0,9.0,5.0,0.0,0.0,6.0,5.0,0.0,0.0,0.0,0.0,0.0,0.0,0.0,0.0,0.0,0.0,0.0,0.0,0.0,0.0,0.0,0.0,0.0,0.0,0.0,0.0,0.0
2020-09-24,0.0,782.0,0.0,0.0,2454.0,491.0,91.0,16.0,18.0,0.0,0.0,17.0,11.0,23.0,15.0,11.0,0.0,0.0,0.0,22.0,6.0,11.0,18.0,0.0,0.0,14.0,8.0,7.0,47.0,2.0,0.0,0.0,8.0,2.0,8.0,5.0,9.0,0.0,0.0,12.0,0.0,4.0,10.0,7.0,0.0,0.0,5.0,2.0,2.0,7.0,8.0,0.0,0.0,18.0,4.0,5.0,3.0,4.0,0.0,0.0,4.0,5.0,0.0,0.0,0.0,0.0,0.0,0.0,0.0,0.0,0.0,0.0,0.0,0.0,0.0,0.0,0.0,0.0,0.0,0.0,0.0,0.0,0.0,0.0
2020-09-25,0.0,0.0,0.0,3078.0,663.0,584.0,136.0,47.0,0.0,0.0,46.0,18.0,17.0,19.0,9.0,0.0,0.0,0.0,24.0,14.0,9.0,10.0,0.0,0.0,11.0,6.0,11.0,291.0,13.0,0.0,0.0,16.0,3.0,7.0,4.0,9.0,0.0,0.0,17.0,2.0,14.0,9.0,13.0,0.0,0.0,14.0,3.0,9.0,5.0,7.0,0.0,0.0,6.0,7.0,5.0,4.0,3.0,0.0,0.0,7.0,5.0,0.0,0.0,0.0,0.0,0.0,0.0,0.0,0.0,0.0,0.0,0.0,0.0,0.0,0.0,0.0,0.0,0.0,0.0,0.0,0.0,0.0,0.0,0.0
2020-09-26,0.0,0.0,769.0,211.0,129.0,79.0,6.0,0.0,0.0,24.0,1.0,6.0,16.0,2.0,0.0,0.0,0.0,17.0,7.0,4.0,3.0,0.0,0.0,10.0,1.0,1.0,2.0,3.0,0.0,0.0,6.0,4.0,1.0,0.0,1.0,0.0,0.0,5.0,1.0,4.0,2.0,4.0,0.0,0.0,0.0,1.0,8.0,2.0,3.0,0.0,0.0,1.0,3.0,1.0,3.0,1.0,0.0,0.0,5.0,0.0,0.0,0.0,0.0,0.0,0.0,0.0,0.0,0.0,0.0,0.0,0.0,0.0,0.0,0.0,0.0,0.0,0.0,0.0,0.0,0.0,0.0,0.0,0.0,0.0
2020-09-27,0.0,457.0,237.0,49.0,25.0,2.0,0.0,0.0,18.0,3.0,5.0,16.0,2.0,0.0,0.0,0.0,8.0,0.0,9.0,4.0,0.0,0.0,6.0,0.0,1.0,1.0,2.0,0.0,0.0,3.0,2.0,3.0,2.0,1.0,0.0,0.0,0.0,0.0,2.0,4.0,2.0,0.0,0.0,1.0,0.0,0.0,1.0,2.0,0.0,0.0,3.0,0.0,0.0,1.0,2.0,0.0,0.0,2.0,1.0,0.0,0.0,0.0,0.0,0.0,0.0,0.0,0.0,0.0,0.0,0.0,0.0,0.0,0.0,0.0,0.0,0.0,0.0,0.0,0.0,0.0,0.0,0.0,0.0,0.0
2020-09-28,0.0,476.0,323.0,366.0,270.0,0.0,0.0,84.0,16.0,8.0,7.0,8.0,0.0,0.0,0.0,28.0,5.0,10.0,4.0,0.0,0.0,7.0,3.0,6.0,3.0,3.0,0.0,0.0,5.0,5.0,3.0,6.0,3.0,0.0,0.0,7.0,0.0,4.0,2.0,3.0,0.0,0.0,7.0,1.0,3.0,2.0,8.0,0.0,0.0,5.0,1.0,2.0,2.0,2.0,0.0,0.0,2.0,1.0,0.0,0.0,0.0,0.0,0.0,0.0,0.0,0.0,0.0,0.0,0.0,0.0,0.0,0.0,0.0,0.0,0.0,0.0,0.0,0.0,0.0,0.0,0.0,0.0,0.0,0.0
2020-09-29,0.0,1205.0,1210.0,865.0,0.0,0.0,300.0,95.0,30.0,17.0,14.0,0.0,0.0,0.0,33.0,11.0,8.0,10.0,0.0,0.0,16.0,10.0,14.0,83.0,8.0,0.0,0.0,14.0,8.0,11.0,10.0,6.0,0.0,0.0,14.0,2.0,7.0,7.0,3.0,0.0,0.0,7.0,2.0,4.0,5.0,10.0,0.0,0.0,8.0,4.0,7.0,4.0,3.0,0.0,0.0,4.0,4.0,0.0,0.0,0.0,0.0,0.0,0.0,0.0,0.0,0.0,0.0,0.0,0.0,0.0,0.0,0.0,0.0,0.0,0.0,0.0,0.0,0.0,0.0,0.0,0.0,0.0,0.0,0.0
2020-09-30,0.0,952.0,1005.0,0.0,0.0,893.0,151.0,28.0,20.0,20.0,0.0,0.0,0.0,75.0,9.0,7.0,15.0,0.0,0.0,5.0,1.0,14.0,74.0,3.0,0.0,0.0,9.0,5.0,12.0,11.0,6.0,0.0,0.0,11.0,1.0,3.0,9.0,6.0,0.0,0.0,9.0,4.0,3.0,2.0,1.0,0.0,0.0,9.0,5.0,4.0,5.0,7.0,0.0,0.0,7.0,2.0,0.0,0.0,0.0,0.0,0.0,0.0,0.0,0.0,0.0,0.0,0.0,0.0,0.0,0.0,0.0,0.0,0.0,0.0,0.0,0.0,0.0,0.0,0.0,0.0,0.0,0.0,0.0,0.0
2020-10-01,0.0,1005.0,0.0,0.0,1157.0,171.0,35.0,31.0,23.0,0.0,0.0,0.0,123.0,12.0,15.0,18.0,0.0,0.0,12.0,4.0,10.0,116.0,7.0,0.0,0.0,12.0,7.0,9.0,5.0,6.0,0.0,0.0,13.0,2.0,5.0,8.0,8.0,0.0,0.0,5.0,3.0,10.0,3.0,6.0,0.0,0.0,10.0,4.0,6.0,3.0,2.0,0.0,0.0,10.0,2.0,0.0,0.0,0.0,0.0,0.0,0.0,0.0,0.0,0.0,0.0,0.0,0.0,0.0,0.0,0.0,0.0,0.0,0.0,0.0,0.0,0.0,0.0,0.0,0.0,0.0,0.0,0.0,0.0,0.0
2020-10-02,0.0,0.0,0.0,2526.0,310.0,104.0,42.0,39.0,0.0,0.0,0.0,156.0,13.0,18.0,33.0,0.0,0.0,2.0,10.0,10.0,173.0,27.0,0.0,0.0,11.0,10.0,8.0,6.0,11.0,0.0,0.0,14.0,2.0,11.0,27.0,16.0,0.0,0.0,27.0,5.0,9.0,8.0,5.0,0.0,0.0,7.0,1.0,4.0,2.0,5.0,0.0,0.0,9.0,5.0,0.0,0.0,0.0,0.0,0.0,0.0,0.0,0.0,0.0,0.0,0.0,0.0,0.0,0.0,0.0,0.0,0.0,0.0,0.0,0.0,0.0,0.0,0.0,0.0,0.0,0.0,0.0,0.0,0.0,0.0
2020-10-03,0.0,0.0,637.0,67.0,98.0,14.0,16.0,0.0,0.0,0.0,30.0,2.0,10.0,3.0,0.0,0.0,6.0,2.0,2.0,0.0,1.0,0.0,0.0,1.0,0.0,3.0,3.0,0.0,0.0,0.0,1.0,1.0,3.0,0.0,3.0,0.0,0.0,2.0,0.0,1.0,1.0,2.0,0.0,0.0,2.0,2.0,1.0,0.0,1.0,0.0,0.0,2.0,1.0,0.0,0.0,0.0,0.0,0.0,0.0,0.0,0.0,0.0,0.0,0.0,0.0,0.0,0.0,0.0,0.0,0.0,0.0,0.0,0.0,0.0,0.0,0.0,0.0,0.0,0.0,0.0,0.0,0.0,0.0,0.0
2020-10-04,0.0,162.0,91.0,66.0,28.0,26.0,0.0,0.0,0.0,31.0,5.0,8.0,3.0,0.0,0.0,5.0,3.0,1.0,1.0,0.0,0.0,0.0,0.0,2.0,1.0,0.0,0.0,0.0,0.0,1.0,1.0,0.0,2.0,1.0,0.0,0.0,2.0,1.0,0.0,0.0,1.0,0.0,0.0,2.0,0.0,1.0,0.0,2.0,0.0,0.0,0.0,0.0,0.0,0.0,0.0,0.0,0.0,0.0,0.0,0.0,0.0,0.0,0.0,0.0,0.0,0.0,0.0,0.0,0.0,0.0,0.0,0.0,0.0,0.0,0.0,0.0,0.0,0.0,0.0,0.0,0.0,0.0,0.0,0.0
2020-10-05,0.0,1220.0,202.0,153.0,81.0,0.0,0.0,0.0,204.0,14.0,27.0,33.0,0.0,0.0,22.0,10.0,9.0,7.0,12.0,0.0,0.0,14.0,1.0,2.0,2.0,9.0,0.0,0.0,5.0,1.0,1.0,3.0,1.0,0.0,0.0,8.0,0.0,2.0,5.0,5.0,0.0,0.0,10.0,3.0,5.0,3.0,1.0,0.0,0.0,3.0,6.0,0.0,0.0,0.0,0.0,0.0,0.0,0.0,0.0,0.0,0.0,0.0,0.0,0.0,0.0,0.0,0.0,0.0,0.0,0.0,0.0,0.0,0.0,0.0,0.0,0.0,0.0,0.0,0.0,0.0,0.0,0.0,0.0,0.0
2020-10-06,0.0,1746.0,485.0,82.0,0.0,0.0,0.0,360.0,29.0,25.0,51.0,0.0,0.0,27.0,13.0,16.0,33.0,13.0,0.0,0.0,9.0,8.0,14.0,9.0,8.0,0.0,0.0,8.0,0.0,11.0,9.0,8.0,0.0,0.0,9.0,3.0,20.0,11.0,4.0,0.0,0.0,4.0,5.0,5.0,4.0,2.0,0.0,0.0,5.0,2.0,0.0,0.0,0.0,0.0,0.0,0.0,0.0,0.0,0.0,0.0,0.0,0.0,0.0,0.0,0.0,0.0,0.0,0.0,0.0,0.0,0.0,0.0,0.0,0.0,0.0,0.0,0.0,0.0,0.0,0.0,0.0,0.0,0.0,0.0
2020-10-07,0.0,1737.0,243.0,0.0,0.0,0.0,437.0,56.0,41.0,55.0,0.0,0.0,38.0,20.0,18.0,23.0,17.0,0.0,0.0,11.0,4.0,3.0,7.0,4.0,0.0,0.0,10.0,0.0,7.0,6.0,2.0,0.0,0.0,9.0,2.0,6.0,5.0,9.0,0.0,0.0,9.0,4.0,5.0,5.0,1.0,0.0,0.0,8.0,3.0,0.0,0.0,0.0,0.0,0.0,0.0,0.0,0.0,0.0,0.0,0.0,0.0,0.0,0.0,0.0,0.0,0.0,0.0,0.0,0.0,0.0,0.0,0.0,0.0,0.0,0.0,0.0,0.0,0.0,0.0,0.0,0.0,0.0,0.0,0.0
2020-10-08,0.0,1428.0,0.0,0.0,0.0,755.0,127.0,62.0,69.0,0.0,0.0,38.0,18.0,24.0,22.0,17.0,0.0,0.0,16.0,4.0,10.0,5.0,5.0,0.0,0.0,12.0,1.0,9.0,11.0,6.0,0.0,0.0,10.0,6.0,7.0,10.0,7.0,0.0,0.0,8.0,3.0,6.0,7.0,4.0,0.0,0.0,4.0,1.0,0.0,0.0,0.0,0.0,0.0,0.0,0.0,0.0,0.0,0.0,0.0,0.0,0.0,0.0,0.0,0.0,0.0,0.0,0.0,0.0,0.0,0.0,0.0,0.0,0.0,0.0,0.0,0.0,0.0,0.0,0.0,0.0,0.0,0.0,0.0,0.0
2020-10-09,0.0,0.0,0.0,0.0,2135.0,171.0,164.0,59.0,0.0,0.0,80.0,13.0,24.0,33.0,17.0,0.0,0.0,25.0,6.0,18.0,10.0,16.0,0.0,0.0,9.0,1.0,7.0,0.0,6.0,0.0,0.0,11.0,3.0,7.0,5.0,2.0,0.0,0.0,13.0,3.0,6.0,3.0,3.0,0.0,0.0,3.0,6.0,0.0,0.0,0.0,0.0,0.0,0.0,0.0,0.0,0.0,0.0,0.0,0.0,0.0,0.0,0.0,0.0,0.0,0.0,0.0,0.0,0.0,0.0,0.0,0.0,0.0,0.0,0.0,0.0,0.0,0.0,0.0,0.0,0.0,0.0,0.0,0.0,0.0
2020-10-10,0.0,0.0,0.0,430.0,61.0,55.0,7.0,0.0,0.0,15.0,2.0,3.0,3.0,5.0,0.0,0.0,6.0,5.0,3.0,2.0,0.0,0.0,0.0,3.0,0.0,1.0,2.0,2.0,0.0,0.0,3.0,0.0,1.0,0.0,3.0,0.0,0.0,3.0,4.0,2.0,2.0,0.0,0.0,0.0,1.0,0.0,0.0,0.0,0.0,0.0,0.0,0.0,0.0,0.0,0.0,0.0,0.0,0.0,0.0,0.0,0.0,0.0,0.0,0.0,0.0,0.0,0.0,0.0,0.0,0.0,0.0,0.0,0.0,0.0,0.0,0.0,0.0,0.0,0.0,0.0,0.0,0.0,0.0,0.0
2020-10-11,0.0,0.0,347.0,56.0,56.0,6.0,0.0,0.0,10.0,5.0,3.0,3.0,3.0,0.0,0.0,5.0,2.0,4.0,2.0,5.0,0.0,0.0,4.0,0.0,1.0,1.0,3.0,0.0,0.0,3.0,0.0,0.0,3.0,3.0,0.0,0.0,3.0,1.0,3.0,0.0,1.0,0.0,0.0,2.0,0.0,0.0,0.0,0.0,0.0,0.0,0.0,0.0,0.0,0.0,0.0,0.0,0.0,0.0,0.0,0.0,0.0,0.0,0.0,0.0,0.0,0.0,0.0,0.0,0.0,0.0,0.0,0.0,0.0,0.0,0.0,0.0,0.0,0.0,0.0,0.0,0.0,0.0,0.0,0.0
2020-10-12,0.0,309.0,43.0,69.0,23.0,0.0,0.0,23.0,5.0,4.0,2.0,3.0,0.0,0.0,6.0,2.0,5.0,0.0,2.0,0.0,0.0,1.0,3.0,1.0,3.0,1.0,0.0,0.0,1.0,0.0,1.0,2.0,4.0,0.0,0.0,1.0,0.0,0.0,0.0,1.0,0.0,0.0,0.0,0.0,0.0,0.0,0.0,0.0,0.0,0.0,0.0,0.0,0.0,0.0,0.0,0.0,0.0,0.0,0.0,0.0,0.0,0.0,0.0,0.0,0.0,0.0,0.0,0.0,0.0,0.0,0.0,0.0,0.0,0.0,0.0,0.0,0.0,0.0,0.0,0.0,0.0,0.0,0.0,0.0
2020-10-13,0.0,1602.0,166.0,234.0,0.0,0.0,242.0,22.0,52.0,47.0,27.0,0.0,0.0,33.0,5.0,12.0,8.0,15.0,0.0,0.0,13.0,3.0,7.0,16.0,9.0,0.0,0.0,12.0,3.0,5.0,4.0,2.0,0.0,0.0,11.0,2.0,2.0,4.0,4.0,0.0,0.0,8.0,3.0,0.0,0.0,0.0,0.0,0.0,0.0,0.0,0.0,0.0,0.0,0.0,0.0,0.0,0.0,0.0,0.0,0.0,0.0,0.0,0.0,0.0,0.0,0.0,0.0,0.0,0.0,0.0,0.0,0.0,0.0,0.0,0.0,0.0,0.0,0.0,0.0,0.0,0.0,0.0,0.0,0.0
2020-10-14,0.0,1633.0,446.0,0.0,0.0,219.0,48.0,61.0,51.0,30.0,0.0,0.0,48.0,22.0,17.0,10.0,10.0,0.0,0.0,16.0,2.0,4.0,10.0,6.0,0.0,0.0,12.0,7.0,7.0,6.0,1.0,0.0,0.0,3.0,0.0,12.0,4.0,2.0,0.0,0.0,4.0,1.0,0.0,0.0,0.0,0.0,0.0,0.0,0.0,0.0,0.0,0.0,0.0,0.0,0.0,0.0,0.0,0.0,0.0,0.0,0.0,0.0,0.0,0.0,0.0,0.0,0.0,0.0,0.0,0.0,0.0,0.0,0.0,0.0,0.0,0.0,0.0,0.0,0.0,0.0,0.0,0.0,0.0,0.0
2020-10-15,0.0,1548.0,0.0,0.0,403.0,99.0,78.0,64.0,37.0,0.0,0.0,47.0,14.0,17.0,13.0,13.0,0.0,0.0,19.0,1.0,6.0,11.0,8.0,0.0,0.0,11.0,3.0,9.0,5.0,6.0,0.0,0.0,5.0,7.0,4.0,6.0,6.0,0.0,0.0,8.0,3.0,0.0,0.0,0.0,0.0,0.0,0.0,0.0,0.0,0.0,0.0,0.0,0.0,0.0,0.0,0.0,0.0,0.0,0.0,0.0,0.0,0.0,0.0,0.0,0.0,0.0,0.0,0.0,0.0,0.0,0.0,0.0,0.0,0.0,0.0,0.0,0.0,0.0,0.0,0.0,0.0,0.0,0.0,0.0
2020-10-16,0.0,0.0,0.0,1886.0,243.0,122.0,57.0,49.0,0.0,0.0,71.0,23.0,24.0,17.0,15.0,0.0,0.0,18.0,1.0,11.0,11.0,7.0,0.0,0.0,18.0,2.0,12.0,10.0,5.0,0.0,0.0,11.0,4.0,7.0,6.0,2.0,0.0,0.0,9.0,5.0,0.0,0.0,0.0,0.0,0.0,0.0,0.0,0.0,0.0,0.0,0.0,0.0,0.0,0.0,0.0,0.0,0.0,0.0,0.0,0.0,0.0,0.0,0.0,0.0,0.0,0.0,0.0,0.0,0.0,0.0,0.0,0.0,0.0,0.0,0.0,0.0,0.0,0.0,0.0,0.0,0.0,0.0,0.0,0.0
2020-10-17,0.0,0.0,380.0,63.0,47.0,10.0,19.0,0.0,0.0,11.0,4.0,5.0,9.0,3.0,0.0,0.0,4.0,0.0,9.0,3.0,2.0,0.0,0.0,6.0,1.0,1.0,3.0,4.0,0.0,0.0,7.0,1.0,4.0,3.0,2.0,0.0,0.0,7.0,2.0,0.0,0.0,0.0,0.0,0.0,0.0,0.0,0.0,0.0,0.0,0.0,0.0,0.0,0.0,0.0,0.0,0.0,0.0,0.0,0.0,0.0,0.0,0.0,0.0,0.0,0.0,0.0,0.0,0.0,0.0,0.0,0.0,0.0,0.0,0.0,0.0,0.0,0.0,0.0,0.0,0.0,0.0,0.0,0.0,0.0
2020-10-18,0.0,232.0,19.0,63.0,14.0,8.0,0.0,0.0,7.0,4.0,8.0,3.0,7.0,0.0,0.0,8.0,0.0,4.0,4.0,2.0,0.0,0.0,7.0,2.0,5.0,5.0,1.0,0.0,0.0,3.0,0.0,6.0,2.0,3.0,0.0,0.0,2.0,4.0,0.0,0.0,0.0,0.0,0.0,0.0,0.0,0.0,0.0,0.0,0.0,0.0,0.0,0.0,0.0,0.0,0.0,0.0,0.0,0.0,0.0,0.0,0.0,0.0,0.0,0.0,0.0,0.0,0.0,0.0,0.0,0.0,0.0,0.0,0.0,0.0,0.0,0.0,0.0,0.0,0.0,0.0,0.0,0.0,0.0,0.0
2020-10-19,0.0,920.0,629.0,190.0,128.0,0.0,0.0,91.0,18.0,29.0,32.0,14.0,0.0,0.0,22.0,4.0,8.0,17.0,6.0,0.0,0.0,8.0,3.0,7.0,4.0,7.0,0.0,0.0,9.0,7.0,2.0,2.0,6.0,0.0,0.0,11.0,4.0,0.0,0.0,0.0,0.0,0.0,0.0,0.0,0.0,0.0,0.0,0.0,0.0,0.0,0.0,0.0,0.0,0.0,0.0,0.0,0.0,0.0,0.0,0.0,0.0,0.0,0.0,0.0,0.0,0.0,0.0,0.0,0.0,0.0,0.0,0.0,0.0,0.0,0.0,0.0,0.0,0.0,0.0,0.0,0.0,0.0,0.0,0.0
2020-10-20,0.0,1576.0,202.0,172.0,0.0,0.0,142.0,42.0,52.0,47.0,29.0,0.0,0.0,43.0,5.0,14.0,16.0,19.0,0.0,0.0,20.0,10.0,10.0,16.0,7.0,0.0,0.0,5.0,11.0,5.0,5.0,3.0,0.0,0.0,11.0,9.0,0.0,0.0,0.0,0.0,0.0,0.0,0.0,0.0,0.0,0.0,0.0,0.0,0.0,0.0,0.0,0.0,0.0,0.0,0.0,0.0,0.0,0.0,0.0,0.0,0.0,0.0,0.0,0.0,0.0,0.0,0.0,0.0,0.0,0.0,0.0,0.0,0.0,0.0,0.0,0.0,0.0,0.0,0.0,0.0,0.0,0.0,0.0,0.0
2020-10-21,0.0,1506.0,187.0,0.0,0.0,241.0,58.0,46.0,65.0,32.0,0.0,0.0,36.0,2.0,12.0,9.0,16.0,0.0,0.0,19.0,5.0,10.0,12.0,3.0,0.0,0.0,7.0,7.0,6.0,9.0,4.0,0.0,0.0,8.0,1.0,0.0,0.0,0.0,0.0,0.0,0.0,0.0,0.0,0.0,0.0,0.0,0.0,0.0,0.0,0.0,0.0,0.0,0.0,0.0,0.0,0.0,0.0,0.0,0.0,0.0,0.0,0.0,0.0,0.0,0.0,0.0,0.0,0.0,0.0,0.0,0.0,0.0,0.0,0.0,0.0,0.0,0.0,0.0,0.0,0.0,0.0,0.0,0.0,0.0
2020-10-22,0.0,1360.0,0.0,0.0,168.0,156.0,75.0,86.0,30.0,0.0,0.0,33.0,3.0,40.0,24.0,25.0,0.0,0.0,27.0,3.0,16.0,16.0,8.0,0.0,0.0,13.0,3.0,4.0,7.0,5.0,0.0,0.0,8.0,5.0,0.0,0.0,0.0,0.0,0.0,0.0,0.0,0.0,0.0,0.0,0.0,0.0,0.0,0.0,0.0,0.0,0.0,0.0,0.0,0.0,0.0,0.0,0.0,0.0,0.0,0.0,0.0,0.0,0.0,0.0,0.0,0.0,0.0,0.0,0.0,0.0,0.0,0.0,0.0,0.0,0.0,0.0,0.0,0.0,0.0,0.0,0.0,0.0,0.0,0.0
2020-10-23,0.0,0.0,0.0,1632.0,111.0,191.0,70.0,45.0,0.0,0.0,46.0,3.0,54.0,23.0,27.0,0.0,0.0,28.0,7.0,7.0,9.0,18.0,0.0,0.0,9.0,8.0,8.0,3.0,4.0,0.0,0.0,11.0,1.0,0.0,0.0,0.0,0.0,0.0,0.0,0.0,0.0,0.0,0.0,0.0,0.0,0.0,0.0,0.0,0.0,0.0,0.0,0.0,0.0,0.0,0.0,0.0,0.0,0.0,0.0,0.0,0.0,0.0,0.0,0.0,0.0,0.0,0.0,0.0,0.0,0.0,0.0,0.0,0.0,0.0,0.0,0.0,0.0,0.0,0.0,0.0,0.0,0.0,0.0,0.0
2020-10-24,0.0,0.0,313.0,28.0,61.0,22.0,6.0,0.0,0.0,10.0,3.0,16.0,4.0,4.0,0.0,0.0,6.0,0.0,5.0,5.0,6.0,0.0,0.0,6.0,4.0,0.0,3.0,1.0,0.0,0.0,2.0,1.0,0.0,0.0,0.0,0.0,0.0,0.0,0.0,0.0,0.0,0.0,0.0,0.0,0.0,0.0,0.0,0.0,0.0,0.0,0.0,0.0,0.0,0.0,0.0,0.0,0.0,0.0,0.0,0.0,0.0,0.0,0.0,0.0,0.0,0.0,0.0,0.0,0.0,0.0,0.0,0.0,0.0,0.0,0.0,0.0,0.0,0.0,0.0,0.0,0.0,0.0,0.0,0.0
2020-10-25,0.0,223.0,27.0,64.0,11.0,13.0,0.0,0.0,11.0,2.0,2.0,11.0,7.0,0.0,0.0,4.0,2.0,3.0,10.0,7.0,0.0,0.0,9.0,4.0,2.0,4.0,4.0,0.0,0.0,10.0,3.0,0.0,0.0,0.0,0.0,0.0,0.0,0.0,0.0,0.0,0.0,0.0,0.0,0.0,0.0,0.0,0.0,0.0,0.0,0.0,0.0,0.0,0.0,0.0,0.0,0.0,0.0,0.0,0.0,0.0,0.0,0.0,0.0,0.0,0.0,0.0,0.0,0.0,0.0,0.0,0.0,0.0,0.0,0.0,0.0,0.0,0.0,0.0,0.0,0.0,0.0,0.0,0.0,0.0
2020-10-26,0.0,1254.0,134.0,199.0,67.0,0.0,0.0,72.0,3.0,47.0,34.0,27.0,0.0,0.0,31.0,6.0,12.0,18.0,1.0,0.0,0.0,11.0,5.0,7.0,7.0,11.0,0.0,0.0,7.0,5.0,0.0,0.0,0.0,0.0,0.0,0.0,0.0,0.0,0.0,0.0,0.0,0.0,0.0,0.0,0.0,0.0,0.0,0.0,0.0,0.0,0.0,0.0,0.0,0.0,0.0,0.0,0.0,0.0,0.0,0.0,0.0,0.0,0.0,0.0,0.0,0.0,0.0,0.0,0.0,0.0,0.0,0.0,0.0,0.0,0.0,0.0,0.0,0.0,0.0,0.0,0.0,0.0,0.0,0.0
2020-10-27,0.0,1340.0,211.0,149.0,0.0,0.0,118.0,11.0,46.0,27.0,26.0,0.0,0.0,36.0,8.0,16.0,14.0,16.0,0.0,0.0,15.0,5.0,11.0,10.0,6.0,0.0,0.0,10.0,3.0,0.0,0.0,0.0,0.0,0.0,0.0,0.0,0.0,0.0,0.0,0.0,0.0,0.0,0.0,0.0,0.0,0.0,0.0,0.0,0.0,0.0,0.0,0.0,0.0,0.0,0.0,0.0,0.0,0.0,0.0,0.0,0.0,0.0,0.0,0.0,0.0,0.0,0.0,0.0,0.0,0.0,0.0,0.0,0.0,0.0,0.0,0.0,0.0,0.0,0.0,0.0,0.0,0.0,0.0,0.0
2020-10-28,0.0,1147.0,245.0,0.0,0.0,156.0,0.0,74.0,57.0,37.0,0.0,0.0,45.0,9.0,14.0,18.0,16.0,0.0,0.0,20.0,7.0,3.0,8.0,5.0,0.0,0.0,7.0,6.0,0.0,0.0,0.0,0.0,0.0,0.0,0.0,0.0,0.0,0.0,0.0,0.0,0.0,0.0,0.0,0.0,0.0,0.0,0.0,0.0,0.0,0.0,0.0,0.0,0.0,0.0,0.0,0.0,0.0,0.0,0.0,0.0,0.0,0.0,0.0,0.0,0.0,0.0,0.0,0.0,0.0,0.0,0.0,0.0,0.0,0.0,0.0,0.0,0.0,0.0,0.0,0.0,0.0,0.0,0.0,0.0
2020-10-29,0.0,1244.0,0.0,0.0,260.0,6.0,97.0,82.0,31.0,0.0,0.0,57.0,7.0,25.0,17.0,10.0,0.0,0.0,11.0,8.0,14.0,12.0,7.0,0.0,0.0,12.0,5.0,0.0,0.0,0.0,0.0,0.0,0.0,0.0,0.0,0.0,0.0,0.0,0.0,0.0,0.0,0.0,0.0,0.0,0.0,0.0,0.0,0.0,0.0,0.0,0.0,0.0,0.0,0.0,0.0,0.0,0.0,0.0,0.0,0.0,0.0,0.0,0.0,0.0,0.0,0.0,0.0,0.0,0.0,0.0,0.0,0.0,0.0,0.0,0.0,0.0,0.0,0.0,0.0,0.0,0.0,0.0,0.0,0.0
2020-10-30,0.0,0.0,0.0,1479.0,20.0,168.0,125.0,54.0,0.0,0.0,88.0,13.0,20.0,23.0,13.0,0.0,0.0,17.0,7.0,7.0,2.0,1.0,0.0,0.0,14.0,2.0,0.0,0.0,0.0,0.0,0.0,0.0,0.0,0.0,0.0,0.0,0.0,0.0,0.0,0.0,0.0,0.0,0.0,0.0,0.0,0.0,0.0,0.0,0.0,0.0,0.0,0.0,0.0,0.0,0.0,0.0,0.0,0.0,0.0,0.0,0.0,0.0,0.0,0.0,0.0,0.0,0.0,0.0,0.0,0.0,0.0,0.0,0.0,0.0,0.0,0.0,0.0,0.0,0.0,0.0,0.0,0.0,0.0,0.0
2020-10-31,0.0,0.0,249.0,7.0,77.0,54.0,14.0,0.0,0.0,10.0,4.0,6.0,14.0,3.0,0.0,0.0,4.0,1.0,2.0,3.0,1.0,0.0,0.0,5.0,3.0,0.0,0.0,0.0,0.0,0.0,0.0,0.0,0.0,0.0,0.0,0.0,0.0,0.0,0.0,0.0,0.0,0.0,0.0,0.0,0.0,0.0,0.0,0.0,0.0,0.0,0.0,0.0,0.0,0.0,0.0,0.0,0.0,0.0,0.0,0.0,0.0,0.0,0.0,0.0,0.0,0.0,0.0,0.0,0.0,0.0,0.0,0.0,0.0,0.0,0.0,0.0,0.0,0.0,0.0,0.0,0.0,0.0,0.0,0.0
2020-11-01,0.0,178.0,47.0,16.0,58.0,17.0,0.0,0.0,29.0,4.0,6.0,9.0,6.0,0.0,0.0,10.0,1.0,7.0,0.0,2.0,0.0,0.0,4.0,5.0,0.0,0.0,0.0,0.0,0.0,0.0,0.0,0.0,0.0,0.0,0.0,0.0,0.0,0.0,0.0,0.0,0.0,0.0,0.0,0.0,0.0,0.0,0.0,0.0,0.0,0.0,0.0,0.0,0.0,0.0,0.0,0.0,0.0,0.0,0.0,0.0,0.0,0.0,0.0,0.0,0.0,0.0,0.0,0.0,0.0,0.0,0.0,0.0,0.0,0.0,0.0,0.0,0.0,0.0,0.0,0.0,0.0,0.0,0.0,0.0
2020-11-02,0.0,251.0,62.0,36.0,25.0,0.0,0.0,28.0,3.0,10.0,11.0,7.0,0.0,0.0,10.0,4.0,4.0,4.0,4.0,0.0,0.0,6.0,2.0,0.0,0.0,0.0,0.0,0.0,0.0,0.0,0.0,0.0,0.0,0.0,0.0,0.0,0.0,0.0,0.0,0.0,0.0,0.0,0.0,0.0,0.0,0.0,0.0,0.0,0.0,0.0,0.0,0.0,0.0,0.0,0.0,0.0,0.0,0.0,0.0,0.0,0.0,0.0,0.0,0.0,0.0,0.0,0.0,0.0,0.0,0.0,0.0,0.0,0.0,0.0,0.0,0.0,0.0,0.0,0.0,0.0,0.0,0.0,0.0,0.0
2020-11-03,0.0,1206.0,152.0,213.0,0.0,0.0,168.0,27.0,37.0,54.0,35.0,0.0,0.0,33.0,9.0,5.0,5.0,4.0,0.0,0.0,10.0,10.0,0.0,0.0,0.0,0.0,0.0,0.0,0.0,0.0,0.0,0.0,0.0,0.0,0.0,0.0,0.0,0.0,0.0,0.0,0.0,0.0,0.0,0.0,0.0,0.0,0.0,0.0,0.0,0.0,0.0,0.0,0.0,0.0,0.0,0.0,0.0,0.0,0.0,0.0,0.0,0.0,0.0,0.0,0.0,0.0,0.0,0.0,0.0,0.0,0.0,0.0,0.0,0.0,0.0,0.0,0.0,0.0,0.0,0.0,0.0,0.0,0.0,0.0
2020-11-04,0.0,1234.0,185.0,0.0,0.0,228.0,13.0,64.0,46.0,41.0,0.0,0.0,50.0,6.0,13.0,14.0,11.0,0.0,0.0,9.0,2.0,0.0,0.0,0.0,0.0,0.0,0.0,0.0,0.0,0.0,0.0,0.0,0.0,0.0,0.0,0.0,0.0,0.0,0.0,0.0,0.0,0.0,0.0,0.0,0.0,0.0,0.0,0.0,0.0,0.0,0.0,0.0,0.0,0.0,0.0,0.0,0.0,0.0,0.0,0.0,0.0,0.0,0.0,0.0,0.0,0.0,0.0,0.0,0.0,0.0,0.0,0.0,0.0,0.0,0.0,0.0,0.0,0.0,0.0,0.0,0.0,0.0,0.0,0.0
2020-11-05,0.0,1073.0,0.0,0.0,216.0,27.0,106.0,87.0,50.0,0.0,0.0,50.0,16.0,16.0,9.0,11.0,0.0,0.0,14.0,4.0,0.0,0.0,0.0,0.0,0.0,0.0,0.0,0.0,0.0,0.0,0.0,0.0,0.0,0.0,0.0,0.0,0.0,0.0,0.0,0.0,0.0,0.0,0.0,0.0,0.0,0.0,0.0,0.0,0.0,0.0,0.0,0.0,0.0,0.0,0.0,0.0,0.0,0.0,0.0,0.0,0.0,0.0,0.0,0.0,0.0,0.0,0.0,0.0,0.0,0.0,0.0,0.0,0.0,0.0,0.0,0.0,0.0,0.0,0.0,0.0,0.0,0.0,0.0,0.0
2020-11-06,0.0,0.0,0.0,1269.0,58.0,167.0,84.0,59.0,0.0,0.0,60.0,19.0,29.0,15.0,23.0,0.0,0.0,15.0,8.0,0.0,0.0,0.0,0.0,0.0,0.0,0.0,0.0,0.0,0.0,0.0,0.0,0.0,0.0,0.0,0.0,0.0,0.0,0.0,0.0,0.0,0.0,0.0,0.0,0.0,0.0,0.0,0.0,0.0,0.0,0.0,0.0,0.0,0.0,0.0,0.0,0.0,0.0,0.0,0.0,0.0,0.0,0.0,0.0,0.0,0.0,0.0,0.0,0.0,0.0,0.0,0.0,0.0,0.0,0.0,0.0,0.0,0.0,0.0,0.0,0.0,0.0,0.0,0.0,0.0
2020-11-07,0.0,0.0,244.0,20.0,62.0,47.0,22.0,0.0,0.0,16.0,8.0,5.0,3.0,3.0,0.0,0.0,11.0,2.0,0.0,0.0,0.0,0.0,0.0,0.0,0.0,0.0,0.0,0.0,0.0,0.0,0.0,0.0,0.0,0.0,0.0,0.0,0.0,0.0,0.0,0.0,0.0,0.0,0.0,0.0,0.0,0.0,0.0,0.0,0.0,0.0,0.0,0.0,0.0,0.0,0.0,0.0,0.0,0.0,0.0,0.0,0.0,0.0,0.0,0.0,0.0,0.0,0.0,0.0,0.0,0.0,0.0,0.0,0.0,0.0,0.0,0.0,0.0,0.0,0.0,0.0,0.0,0.0,0.0,0.0
2020-11-08,0.0,106.0,79.0,26.0,81.0,14.0,0.0,0.0,15.0,7.0,5.0,5.0,4.0,0.0,0.0,3.0,1.0,0.0,0.0,0.0,0.0,0.0,0.0,0.0,0.0,0.0,0.0,0.0,0.0,0.0,0.0,0.0,0.0,0.0,0.0,0.0,0.0,0.0,0.0,0.0,0.0,0.0,0.0,0.0,0.0,0.0,0.0,0.0,0.0,0.0,0.0,0.0,0.0,0.0,0.0,0.0,0.0,0.0,0.0,0.0,0.0,0.0,0.0,0.0,0.0,0.0,0.0,0.0,0.0,0.0,0.0,0.0,0.0,0.0,0.0,0.0,0.0,0.0,0.0,0.0,0.0,0.0,0.0,0.0
2020-11-09,0.0,627.0,64.0,69.0,30.0,0.0,0.0,26.0,12.0,14.0,15.0,14.0,0.0,0.0,22.0,5.0,0.0,0.0,0.0,0.0,0.0,0.0,0.0,0.0,0.0,0.0,0.0,0.0,0.0,0.0,0.0,0.0,0.0,0.0,0.0,0.0,0.0,0.0,0.0,0.0,0.0,0.0,0.0,0.0,0.0,0.0,0.0,0.0,0.0,0.0,0.0,0.0,0.0,0.0,0.0,0.0,0.0,0.0,0.0,0.0,0.0,0.0,0.0,0.0,0.0,0.0,0.0,0.0,0.0,0.0,0.0,0.0,0.0,0.0,0.0,0.0,0.0,0.0,0.0,0.0,0.0,0.0,0.0,0.0
2020-11-10,0.0,1072.0,121.0,121.0,0.0,0.0,88.0,31.0,53.0,21.0,14.0,0.0,0.0,20.0,12.0,0.0,0.0,0.0,0.0,0.0,0.0,0.0,0.0,0.0,0.0,0.0,0.0,0.0,0.0,0.0,0.0,0.0,0.0,0.0,0.0,0.0,0.0,0.0,0.0,0.0,0.0,0.0,0.0,0.0,0.0,0.0,0.0,0.0,0.0,0.0,0.0,0.0,0.0,0.0,0.0,0.0,0.0,0.0,0.0,0.0,0.0,0.0,0.0,0.0,0.0,0.0,0.0,0.0,0.0,0.0,0.0,0.0,0.0,0.0,0.0,0.0,0.0,0.0,0.0,0.0,0.0,0.0,0.0,0.0
2020-11-11,0.0,984.0,166.0,0.0,0.0,140.0,33.0,49.0,28.0,33.0,0.0,0.0,45.0,8.0,0.0,0.0,0.0,0.0,0.0,0.0,0.0,0.0,0.0,0.0,0.0,0.0,0.0,0.0,0.0,0.0,0.0,0.0,0.0,0.0,0.0,0.0,0.0,0.0,0.0,0.0,0.0,0.0,0.0,0.0,0.0,0.0,0.0,0.0,0.0,0.0,0.0,0.0,0.0,0.0,0.0,0.0,0.0,0.0,0.0,0.0,0.0,0.0,0.0,0.0,0.0,0.0,0.0,0.0,0.0,0.0,0.0,0.0,0.0,0.0,0.0,0.0,0.0,0.0,0.0,0.0,0.0,0.0,0.0,0.0
2020-11-12,0.0,918.0,0.0,0.0,194.0,71.0,49.0,26.0,29.0,0.0,0.0,75.0,16.0,0.0,0.0,0.0,0.0,0.0,0.0,0.0,0.0,0.0,0.0,0.0,0.0,0.0,0.0,0.0,0.0,0.0,0.0,0.0,0.0,0.0,0.0,0.0,0.0,0.0,0.0,0.0,0.0,0.0,0.0,0.0,0.0,0.0,0.0,0.0,0.0,0.0,0.0,0.0,0.0,0.0,0.0,0.0,0.0,0.0,0.0,0.0,0.0,0.0,0.0,0.0,0.0,0.0,0.0,0.0,0.0,0.0,0.0,0.0,0.0,0.0,0.0,0.0,0.0,0.0,0.0,0.0,0.0,0.0,0.0,0.0
2020-11-13,0.0,0.0,0.0,1051.0,60.0,105.0,42.0,31.0,0.0,0.0,78.0,14.0,0.0,0.0,0.0,0.0,0.0,0.0,0.0,0.0,0.0,0.0,0.0,0.0,0.0,0.0,0.0,0.0,0.0,0.0,0.0,0.0,0.0,0.0,0.0,0.0,0.0,0.0,0.0,0.0,0.0,0.0,0.0,0.0,0.0,0.0,0.0,0.0,0.0,0.0,0.0,0.0,0.0,0.0,0.0,0.0,0.0,0.0,0.0,0.0,0.0,0.0,0.0,0.0,0.0,0.0,0.0,0.0,0.0,0.0,0.0,0.0,0.0,0.0,0.0,0.0,0.0,0.0,0.0,0.0,0.0,0.0,0.0,0.0
2020-11-14,0.0,0.0,184.0,47.0,15.0,14.0,10.0,0.0,0.0,20.0,7.0,0.0,0.0,0.0,0.0,0.0,0.0,0.0,0.0,0.0,0.0,0.0,0.0,0.0,0.0,0.0,0.0,0.0,0.0,0.0,0.0,0.0,0.0,0.0,0.0,0.0,0.0,0.0,0.0,0.0,0.0,0.0,0.0,0.0,0.0,0.0,0.0,0.0,0.0,0.0,0.0,0.0,0.0,0.0,0.0,0.0,0.0,0.0,0.0,0.0,0.0,0.0,0.0,0.0,0.0,0.0,0.0,0.0,0.0,0.0,0.0,0.0,0.0,0.0,0.0,0.0,0.0,0.0,0.0,0.0,0.0,0.0,0.0,0.0
2020-11-15,0.0,146.0,21.0,36.0,9.0,6.0,0.0,0.0,8.0,3.0,0.0,0.0,0.0,0.0,0.0,0.0,0.0,0.0,0.0,0.0,0.0,0.0,0.0,0.0,0.0,0.0,0.0,0.0,0.0,0.0,0.0,0.0,0.0,0.0,0.0,0.0,0.0,0.0,0.0,0.0,0.0,0.0,0.0,0.0,0.0,0.0,0.0,0.0,0.0,0.0,0.0,0.0,0.0,0.0,0.0,0.0,0.0,0.0,0.0,0.0,0.0,0.0,0.0,0.0,0.0,0.0,0.0,0.0,0.0,0.0,0.0,0.0,0.0,0.0,0.0,0.0,0.0,0.0,0.0,0.0,0.0,0.0,0.0,0.0
2020-11-16,0.0,749.0,84.0,92.0,54.0,0.0,0.0,82.0,26.0,0.0,0.0,0.0,0.0,0.0,0.0,0.0,0.0,0.0,0.0,0.0,0.0,0.0,0.0,0.0,0.0,0.0,0.0,0.0,0.0,0.0,0.0,0.0,0.0,0.0,0.0,0.0,0.0,0.0,0.0,0.0,0.0,0.0,0.0,0.0,0.0,0.0,0.0,0.0,0.0,0.0,0.0,0.0,0.0,0.0,0.0,0.0,0.0,0.0,0.0,0.0,0.0,0.0,0.0,0.0,0.0,0.0,0.0,0.0,0.0,0.0,0.0,0.0,0.0,0.0,0.0,0.0,0.0,0.0,0.0,0.0,0.0,0.0,0.0,0.0
2020-11-17,0.0,819.0,133.0,86.0,0.0,0.0,102.0,36.0,0.0,0.0,0.0,0.0,0.0,0.0,0.0,0.0,0.0,0.0,0.0,0.0,0.0,0.0,0.0,0.0,0.0,0.0,0.0,0.0,0.0,0.0,0.0,0.0,0.0,0.0,0.0,0.0,0.0,0.0,0.0,0.0,0.0,0.0,0.0,0.0,0.0,0.0,0.0,0.0,0.0,0.0,0.0,0.0,0.0,0.0,0.0,0.0,0.0,0.0,0.0,0.0,0.0,0.0,0.0,0.0,0.0,0.0,0.0,0.0,0.0,0.0,0.0,0.0,0.0,0.0,0.0,0.0,0.0,0.0,0.0,0.0,0.0,0.0,0.0,0.0
2020-11-18,0.0,797.0,94.0,0.0,0.0,128.0,32.0,0.0,0.0,0.0,0.0,0.0,0.0,0.0,0.0,0.0,0.0,0.0,0.0,0.0,0.0,0.0,0.0,0.0,0.0,0.0,0.0,0.0,0.0,0.0,0.0,0.0,0.0,0.0,0.0,0.0,0.0,0.0,0.0,0.0,0.0,0.0,0.0,0.0,0.0,0.0,0.0,0.0,0.0,0.0,0.0,0.0,0.0,0.0,0.0,0.0,0.0,0.0,0.0,0.0,0.0,0.0,0.0,0.0,0.0,0.0,0.0,0.0,0.0,0.0,0.0,0.0,0.0,0.0,0.0,0.0,0.0,0.0,0.0,0.0,0.0,0.0,0.0,0.0
2020-11-19,0.0,677.0,0.0,0.0,123.0,47.0,0.0,0.0,0.0,0.0,0.0,0.0,0.0,0.0,0.0,0.0,0.0,0.0,0.0,0.0,0.0,0.0,0.0,0.0,0.0,0.0,0.0,0.0,0.0,0.0,0.0,0.0,0.0,0.0,0.0,0.0,0.0,0.0,0.0,0.0,0.0,0.0,0.0,0.0,0.0,0.0,0.0,0.0,0.0,0.0,0.0,0.0,0.0,0.0,0.0,0.0,0.0,0.0,0.0,0.0,0.0,0.0,0.0,0.0,0.0,0.0,0.0,0.0,0.0,0.0,0.0,0.0,0.0,0.0,0.0,0.0,0.0,0.0,0.0,0.0,0.0,0.0,0.0,0.0
2020-11-20,0.0,0.0,0.0,818.0,64.0,0.0,0.0,0.0,0.0,0.0,0.0,0.0,0.0,0.0,0.0,0.0,0.0,0.0,0.0,0.0,0.0,0.0,0.0,0.0,0.0,0.0,0.0,0.0,0.0,0.0,0.0,0.0,0.0,0.0,0.0,0.0,0.0,0.0,0.0,0.0,0.0,0.0,0.0,0.0,0.0,0.0,0.0,0.0,0.0,0.0,0.0,0.0,0.0,0.0,0.0,0.0,0.0,0.0,0.0,0.0,0.0,0.0,0.0,0.0,0.0,0.0,0.0,0.0,0.0,0.0,0.0,0.0,0.0,0.0,0.0,0.0,0.0,0.0,0.0,0.0,0.0,0.0,0.0,0.0
2020-11-21,0.0,0.0,158.0,31.0,0.0,0.0,0.0,0.0,0.0,0.0,0.0,0.0,0.0,0.0,0.0,0.0,0.0,0.0,0.0,0.0,0.0,0.0,0.0,0.0,0.0,0.0,0.0,0.0,0.0,0.0,0.0,0.0,0.0,0.0,0.0,0.0,0.0,0.0,0.0,0.0,0.0,0.0,0.0,0.0,0.0,0.0,0.0,0.0,0.0,0.0,0.0,0.0,0.0,0.0,0.0,0.0,0.0,0.0,0.0,0.0,0.0,0.0,0.0,0.0,0.0,0.0,0.0,0.0,0.0,0.0,0.0,0.0,0.0,0.0,0.0,0.0,0.0,0.0,0.0,0.0,0.0,0.0,0.0,0.0
2020-11-22,0.0,81.0,25.0,0.0,0.0,0.0,0.0,0.0,0.0,0.0,0.0,0.0,0.0,0.0,0.0,0.0,0.0,0.0,0.0,0.0,0.0,0.0,0.0,0.0,0.0,0.0,0.0,0.0,0.0,0.0,0.0,0.0,0.0,0.0,0.0,0.0,0.0,0.0,0.0,0.0,0.0,0.0,0.0,0.0,0.0,0.0,0.0,0.0,0.0,0.0,0.0,0.0,0.0,0.0,0.0,0.0,0.0,0.0,0.0,0.0,0.0,0.0,0.0,0.0,0.0,0.0,0.0,0.0,0.0,0.0,0.0,0.0,0.0,0.0,0.0,0.0,0.0,0.0,0.0,0.0,0.0,0.0,0.0,0.0
2020-11-23,0.0,603.0,0.0,0.0,0.0,0.0,0.0,0.0,0.0,0.0,0.0,0.0,0.0,0.0,0.0,0.0,0.0,0.0,0.0,0.0,0.0,0.0,0.0,0.0,0.0,0.0,0.0,0.0,0.0,0.0,0.0,0.0,0.0,0.0,0.0,0.0,0.0,0.0,0.0,0.0,0.0,0.0,0.0,0.0,0.0,0.0,0.0,0.0,0.0,0.0,0.0,0.0,0.0,0.0,0.0,0.0,0.0,0.0,0.0,0.0,0.0,0.0,0.0,0.0,0.0,0.0,0.0,0.0,0.0,0.0,0.0,0.0,0.0,0.0,0.0,0.0,0.0,0.0,0.0,0.0,0.0,0.0,0.0,0.0
